Cyber Security Engineer Level III, 142.71, 145.57, 148.48, 151.45, 154.48
Cyber Security Engineer Level II, 119.99, 122.39, 124.84, 127.34, 129.88
Cyber Security Engineer Level I, 99.00, 100.98, 103.00, 105.06, 107.16
Cyber Security Analyst Level III, 142.71, 145.57, 148.48, 151.45, 154.48
Cyber Security Analyst Level II, 119.99, 122.39, 124.84, 127.34, 129.88
Cyber Security Analyst Level I, 99.00, 100.98, 103.00, 105.06, 107.16
Network Engineer III, 131.72, 134.35, 137.04, 139.78, 142.58
Network Engineer II, 109.90, 112.10, 114.34, 116.63, 118.96
Network Engineer I, 88.71, 90.48, 92.29, 94.14, 96.02
Program Manager, 88.71, 90.48, 92.29, 94.14, 96.02
Developer, 138.00, 140.76, 143.57, 146.45, 149.37
Administrative Assistant, 67.60, 68.95, 70.33, 71.74, 73.17